{
	"total_labels": 1210,
	"ratio_w_labels": 0.7381607335490831,
	"time_cost": 300.1090409755707
}