{
	"total_labels": 6322,
	"ratio_w_labels": 0.18807982740021575,
	"time_cost": 9.708396434783936
}