{
	"total_labels": 1453,
	"ratio_w_labels": 0.7611650485436893,
	"time_cost": 308.2317805290222
}